{"type": "block", "layer": 5, "block": 0, "features": [{"geom": {"polygons": [[[[-650.1996308063972, -8.876366753131151], [-625.397008338492, 27.188179045449942], [-558.5590099341644, -18.290055323392153], [-536.4677768988913, -33.32876398600638], [-561.2606133801601, -69.37092581065372], [-650.1996308063972, -8.876366753131151]]]], "centroids": [[-593.3342081529845, -21.093403609469533, 1367.283935546875]], "h": 23.0}, "mtl": {"face": 0}}], "featureCount": 1, "startIndex": 0}