{"type": "block", "layer": 6, "block": 0, "features": [{"geom": {"pts": [[-653.0736692229402, 27.912693147547543, 1362.2205810546875]], "r": 23.0}, "mtl": 0}, {"geom": {"pts": [[-606.3531448726571, -96.44664998352528, 1366.7479248046875]], "r": 23.0}, "mtl": 0}], "featureCount": 2, "startIndex": 0}