{"type": "block", "layer": 7, "block": 0, "features": [{"geom": {"polygons": [[[[-537.4839944388077, -68.92182322172448], [-544.0806477407168, -64.68369022617117], [-543.1553346185246, -63.34875444183126], [-543.801658851371, -62.63236642861739], [-544.2496506687748, -61.51596063002944], [-544.3051222169452, -60.60777144599706], [-544.0886000316241, -59.88634395832196], [-543.7912953552004, -59.253080094233155], [-543.272291820962, -58.784712839871645], [-542.6821506489214, -58.47104213340208], [-541.8804731438431, -58.30016857525334], [-540.9773646184476, -58.31705296598375], [-540.1534856364015, -58.51167099829763], [-539.1881686705892, -57.15434303879738], [-532.3804300850024, -61.457722403574735], [-534.6769836975582, -65.08302746294066], [-537.4839944388077, -68.92182322172448]]]], "centroids": [[-538.822592360928, -62.68694246932864, 1368.7310791015625]], "h": 23.0}, "mtl": {"face": 0}}], "featureCount": 1, "startIndex": 0}