{"type": "block", "layer": 11, "block": 0, "features": [{"geom": {"polygons": [[[[-611.0580554876069, 49.32006803713739], [-605.0311103877175, 58.451507405843586], [-571.3604389292159, 36.445091693196446], [-577.3874609364138, 27.324746797326952], [-611.0580554876069, 49.32006803713739]]]], "centroids": [[-591.2115613621281, 42.88702024938539, 1364.158935546875]], "h": 23.0}, "mtl": {"face": 0}}, {"geom": {"polygons": [[[[-485.6203146912594, 121.76982172718272], [-443.81504991555994, 86.1510605821386], [-463.0749826855754, 82.46901461062953], [-470.81672036739474, 74.0663968832232], [-497.55369549040915, 70.79021651810035], [-515.1905651535199, 85.8993153362535], [-485.6203146912594, 121.76982172718272]]]], "centroids": [[-482.8114781291224, 92.30946274381131, 1368.806396484375]], "h": 23.0}, "mtl": {"face": 0}}, {"geom": {"polygons": [[[[-517.0035437772603, 83.6506869145669], [-498.3586345769145, 67.73867616523057], [-471.8538913615339, 70.12031683279201], [-481.9138535937964, 47.13828369555995], [-513.4521189318475, 68.25993842631578], [-534.0277579057874, 64.28416264383122], [-517.0035437772603, 83.6506869145669]]]], "centroids": [[-499.55345090258925, 65.74804743612185, 1368.799560546875]], "h": 23.0}, "mtl": {"face": 0}}], "featureCount": 3, "startIndex": 0}